# path	git_blob_at_2406f4f
backend/agentic_graph.py	f459adc114150108dae4a4a52dd6fc44e8f77a59
backend/api/query.py	c502e3ce7c1c5875b5753cd93a4f400f632b738a
backend/graph.py	a11f0fc75459900095acb5b90a6a4d60e5ceaa29
backend/retriever/history_intent.py	a0a8fae7136c0726a0dc6f0563f3f1440baea6d6
backend/retriever/qa_engine.py	4dbf2b9fbef4171fe2e1122a25e2cd7f47e6fbb1
backend/retriever/qa_tools.py	4a40adeea5eb77f0b182256de98ce9cef39e4aad
backend/retriever/query_intent.py	be8232a819a15b590bcf02d6eb260d010cb821a2
frontend/views/chat.py	901bb421dcd5aef030f5723d6357a4648b3336d6
tests/test_converters.py	96335e683fc60bb2ca261a4aae62f2353b495294
tests/test_document_content.py	76ecf57e756feb5ba630352c9406e51a78137475
tests/test_graph.py	65210933b17013a44bc73aea560a5ace4a8c5d17
tests/test_qa_supersede_context.py	6cf9052f41b5fd0bf586c5afc15976fd2c64e3b7
tests/test_query_attachments.py	a1bd6117a5b9e38ef5c7e55b344605152fcdc4d8
tests/test_query_intent.py	d85d66c0494c7625a2f6976f346f237d9be50b96
